file,text,type,page,line,height_px
images/source_page_0006_L_deskewed_line001.jpg,силь ревизіо написанъ былъ бы,note,source_page_0006_L_deskewed,1,91
images/source_page_0006_L_deskewed_line002.jpg,Красимъ записанъ въ 785,head,source_page_0006_L_deskewed,2,35
images/source_page_0006_L_deskewed_line003.jpg,годъ отъказалъ отъ платы въ 790 году,note,source_page_0006_L_deskewed,3,21
images/source_page_0006_L_deskewed_line004.jpg,у него жена марро степановна  24  37,member,source_page_0006_L_deskewed,4,21
images/source_page_0006_L_deskewed_line005.jpg,у нихъ дѣти написанніе въ,note,source_page_0006_L_deskewed,5,16
images/source_page_0006_L_deskewed_line006.jpg,посдушную предр сами ревизіо,note,source_page_0006_L_deskewed,6,20
images/source_page_0006_L_deskewed_line007.jpg,наумъ бывши въ отгалзяхъ,member,source_page_0006_L_deskewed,7,25
images/source_page_0006_L_deskewed_line008.jpg,явися въ 792 годѣ  13,note,source_page_0006_L_deskewed,8,23
images/source_page_0006_L_deskewed_line009.jpg,Іванъ  4  17,member,source_page_0006_L_deskewed,9,22
images/source_page_0006_L_deskewed_line010.jpg,у него жена стотіоно трофило,note,source_page_0006_L_deskewed,10,40
images/source_page_0006_L_deskewed_line011.jpg,дочь взятая здорого гибесмо,note,source_page_0006_L_deskewed,11,19
images/source_page_0006_L_deskewed_line012.jpg,роздъ всасто чрислаетъ подо,note,source_page_0006_L_deskewed,12,24
images/source_page_0006_L_deskewed_line013.jpg,ровольному сослаіи,note,source_page_0006_L_deskewed,13,15
images/source_page_0006_L_deskewed_line014.jpg,дочъ Парасковія  2  15,member,source_page_0006_L_deskewed,14,17
images/source_page_0006_L_deskewed_line015.jpg,рожденная посте ревизіи,note,source_page_0006_L_deskewed,15,33
images/source_page_0006_L_deskewed_line016.jpg,Анастасія  5,member,source_page_0006_L_deskewed,16,23
images/source_page_0006_L_deskewed_line017.jpg,подсусъдки,note,source_page_0006_L_deskewed,17,17
images/source_page_0006_L_deskewed_line018.jpg,Степанъ ѳедоровъ синъ грабатій  46  59,head,source_page_0006_L_deskewed,18,24
images/source_page_0006_L_deskewed_line019.jpg,переведенъ палатою въ 795 году,note,source_page_0006_L_deskewed,19,25
images/source_page_0006_L_deskewed_line020.jpg,гибачного роздъ отнаттотеро Вою,note,source_page_0006_L_deskewed,20,16
images/source_page_0006_L_deskewed_line021.jpg,новъ вышло наррнылся ирбтенъ,note,source_page_0006_L_deskewed,21,20
images/source_page_0006_L_deskewed_line022.jpg,и тали бынаглтновойміярдруг,note,source_page_0006_L_deskewed,22,16
images/source_page_0006_L_deskewed_line023.jpg,у него жена парасковія сиреродом  42  55,member,source_page_0006_L_deskewed,23,20
images/source_page_0006_L_deskewed_line024.jpg,у нихъ дѣти написанніе въ,note,source_page_0006_L_deskewed,24,25
images/source_page_0006_L_deskewed_line025.jpg,прошедшую предр ревилиревизіо,note,source_page_0006_L_deskewed,25,16
images/source_page_0006_L_deskewed_line026.jpg,Онтонъ  19  32,member,source_page_0006_L_deskewed,26,27
images/source_page_0006_L_deskewed_line027.jpg,Діонсій  14,member,source_page_0006_L_deskewed,27,21
images/source_page_0006_L_deskewed_line028.jpg,Василій,member,source_page_0006_L_deskewed,28,23
images/source_page_0006_L_deskewed_line029.jpg,дочъ Агафія  3  16,member,source_page_0006_L_deskewed,29,15
images/source_page_0006_L_deskewed_line030.jpg,Сидана въ замужъ котовъ Антона  12  25,note,source_page_0006_L_deskewed,30,48
images/source_page_0006_L_deskewed_line031.jpg,за литстенья за ноженного ирбтенна,note,source_page_0006_L_deskewed,31,52
images/source_page_0006_R_deskewed_line001.jpg,Татіана  9  22,member,source_page_0006_R_deskewed,1,17
images/source_page_0006_R_deskewed_line002.jpg,Видана въ замужество въ нибевъ,note,source_page_0006_R_deskewed,2,99
images/source_page_0006_R_deskewed_line003.jpg,за талюнибы мбтудинна,note,source_page_0006_R_deskewed,3,25
images/source_page_0006_R_deskewed_line004.jpg,Потерина  6  19,member,source_page_0006_R_deskewed,4,27
images/source_page_0006_R_deskewed_line005.jpg,Онастасія  1,member,source_page_0006_R_deskewed,5,14
images/source_page_0006_R_deskewed_line006.jpg,Горгій Яновлбвъ синъ одбина  28,head,source_page_0006_R_deskewed,6,21
images/source_page_0006_R_deskewed_line007.jpg,у него жена огафія Ванесвадоро  25  38,member,source_page_0006_R_deskewed,7,21
images/source_page_0006_R_deskewed_line008.jpg,вышла въ замужество въ Иплонос,note,source_page_0006_R_deskewed,8,17
images/source_page_0006_R_deskewed_line009.jpg,Сле Миттещо,note,source_page_0006_R_deskewed,9,14
images/source_page_0006_R_deskewed_line010.jpg,у нихъ сынъ въ послотдунію предр,note,source_page_0006_R_deskewed,10,14
images/source_page_0006_R_deskewed_line011.jpg,сами ревизіо написанни,note,source_page_0006_R_deskewed,11,20
images/source_page_0006_R_deskewed_line012.jpg,Ѳедоръ  1,member,source_page_0006_R_deskewed,12,19
images/source_page_0006_R_deskewed_line013.jpg,Окего одбины братія,note,source_page_0006_R_deskewed,13,21
images/source_page_0006_R_deskewed_line014.jpg,Григорій Кюолбвъ синъ Адаевъ  25,head,source_page_0006_R_deskewed,14,19
images/source_page_0006_R_deskewed_line015.jpg,у него дѣти рожденные послъ ревизіи,note,source_page_0006_R_deskewed,15,21
images/source_page_0006_R_deskewed_line016.jpg,Михайло  11,member,source_page_0006_R_deskewed,16,29
images/source_page_0006_R_deskewed_line017.jpg,дочъ Агафія  9,member,source_page_0006_R_deskewed,17,19
images/source_page_0006_R_deskewed_line018.jpg,Тимофій Яновлбавичъ  20,head,source_page_0006_R_deskewed,18,28
images/source_page_0006_R_deskewed_line019.jpg,Ѳедоро Павловъ синъ Вуттичелинъ  31  44,head,source_page_0006_R_deskewed,19,15
images/source_page_0006_R_deskewed_line020.jpg,у него жена Исбнія Єстихованом  27,member,source_page_0006_R_deskewed,20,13
images/source_page_0006_R_deskewed_line021.jpg,втеребразная жена Ево Варвара,note,source_page_0006_R_deskewed,21,23
images/source_page_0006_R_deskewed_line022.jpg,яесмева дочъ взятая въ томъ,note,source_page_0006_R_deskewed,22,13
images/source_page_0006_R_deskewed_line023.jpg,же мбстосомтъ адевонъ  42,note,source_page_0006_R_deskewed,23,24
images/source_page_0006_R_deskewed_line024.jpg,у нихъ дѣти написанные въ,note,source_page_0006_R_deskewed,24,14
images/source_page_0006_R_deskewed_line025.jpg,послъдную предр сами ревизіо,note,source_page_0006_R_deskewed,25,31
images/source_page_0006_R_deskewed_line026.jpg,Іванъ  2  15,member,source_page_0006_R_deskewed,26,17
images/source_page_0006_R_deskewed_line027.jpg,дочъ Уляна  6  19,member,source_page_0006_R_deskewed,27,14
images/source_page_0006_R_deskewed_line028.jpg,Сидана въ замужество въ томъ же,note,source_page_0006_R_deskewed,28,28
images/source_page_0006_R_deskewed_line029.jpg,мбтстечку за нормбнъ Ирестенина,note,source_page_0006_R_deskewed,29,13
images/source_page_0006_R_deskewed_line030.jpg,рожденный послъ ревизіи синъ,note,source_page_0006_R_deskewed,30,26
images/source_page_0006_R_deskewed_line031.jpg,Василій  7,member,source_page_0006_R_deskewed,31,18
images/source_page_0006_R_deskewed_line032.jpg,итого  13  10  5  11  9  6,note,source_page_0006_R_deskewed,32,35
images/source_page_0007_R_deskewed_line001.jpg,Аіименко,note,source_page_0007_R_deskewed,1,23
images/source_page_0007_R_deskewed_line002.jpg,Всєлт мотповіловкть,note,source_page_0007_R_deskewed,2,22
images/source_page_0007_R_deskewed_line003.jpg,Примашркі Григорій Андресевъ,head,source_page_0007_R_deskewed,3,22
images/source_page_0007_R_deskewed_line004.jpg,Андресовскій  60,head,source_page_0007_R_deskewed,4,34
images/source_page_0007_R_deskewed_line005.jpg,у него жена Марія Яновлевъ  76,member,source_page_0007_R_deskewed,5,24
images/source_page_0007_R_deskewed_line006.jpg,У нихъ дѣти написанніе,note,source_page_0007_R_deskewed,6,23
images/source_page_0007_R_deskewed_line007.jpg,въ послѣдніо предсилмъ реви,note,source_page_0007_R_deskewed,7,26
images/source_page_0007_R_deskewed_line008.jpg,зіѣ,note,source_page_0007_R_deskewed,8,28
images/source_page_0007_R_deskewed_line009.jpg,Романъ  15,member,source_page_0007_R_deskewed,9,50
images/source_page_0007_R_deskewed_line001.jpg,Аіименко,note,source_page_0007_R_deskewed,1,16
images/source_page_0007_R_deskewed_line002.jpg,Всєлт мотповіловкть,note,source_page_0007_R_deskewed,2,39
images/source_page_0007_R_deskewed_line003.jpg,Примашркі Григорій Андресевъ,head,source_page_0007_R_deskewed,3,19
images/source_page_0007_R_deskewed_line004.jpg,Андресовскій  60,head,source_page_0007_R_deskewed,4,27
images/source_page_0007_R_deskewed_line005.jpg,у него жена Марія Яновлевъ  76,member,source_page_0007_R_deskewed,5,25
images/source_page_0007_R_deskewed_line006.jpg,У нихъ дѣти написанніе,note,source_page_0007_R_deskewed,6,22
images/source_page_0007_R_deskewed_line007.jpg,въ послѣдніо предсилмъ реви,note,source_page_0007_R_deskewed,7,22
images/source_page_0007_R_deskewed_line008.jpg,зіѣ,note,source_page_0007_R_deskewed,8,44
images/source_page_0007_R_deskewed_line009.jpg,Романъ  15,member,source_page_0007_R_deskewed,9,114
images/source_page_0008_L_deskewed_line001.jpg,Даніилъ  7,head,source_page_0008_L_deskewed,1,47
images/source_page_0008_L_deskewed_line002.jpg,Ѳедоръ  2,member,source_page_0008_L_deskewed,2,33
images/source_page_0008_L_deskewed_line003.jpg,дочѣ Анна Овдана Ева,member,source_page_0008_L_deskewed,3,19
images/source_page_0008_L_deskewed_line004.jpg,мужество Засалдатна Кіев,note,source_page_0008_L_deskewed,4,31
images/source_page_0008_L_deskewed_line005.jpg,Сіесо комнесарскаго полкъ  13  26,note,source_page_0008_L_deskewed,5,49
images/source_page_0008_L_deskewed_line006.jpg,Марія  5,member,source_page_0008_L_deskewed,6,20
images/source_page_0008_L_deskewed_line007.jpg,нілъ к именетъ Синоп Манни,head,source_page_0008_L_deskewed,7,33
images/source_page_0008_L_deskewed_line008.jpg,сны Блеевъ  55,head,source_page_0008_L_deskewed,8,19
images/source_page_0008_L_deskewed_line009.jpg,у него дѣти написанніе въ,note,source_page_0008_L_deskewed,9,22
images/source_page_0008_L_deskewed_line010.jpg,слѣднею предіднія ревизіе,note,source_page_0008_L_deskewed,10,20
images/source_page_0008_L_deskewed_line011.jpg,Амані  16,member,source_page_0008_L_deskewed,11,20
images/source_page_0008_L_deskewed_line012.jpg,Арасеній  31,member,source_page_0008_L_deskewed,12,24
images/source_page_0008_L_deskewed_line013.jpg,у него жена шатроса сіле,member,source_page_0008_L_deskewed,13,22
images/source_page_0008_L_deskewed_line014.jpg,ясна  27  40,note,source_page_0008_L_deskewed,14,33
images/source_page_0008_L_deskewed_line015.jpg,Укд дѣти написанніе въ,note,source_page_0008_L_deskewed,15,19
images/source_page_0008_L_deskewed_line016.jpg,слѣднею предоп ревизіе,note,source_page_0008_L_deskewed,16,25
images/source_page_0008_L_deskewed_line017.jpg,Петіре  1,member,source_page_0008_L_deskewed,17,23
images/source_page_0008_L_deskewed_line018.jpg,Євдокія  4,member,source_page_0008_L_deskewed,18,24
images/source_page_0008_L_deskewed_line019.jpg,рожденныя послѣ ревизіи,note,source_page_0008_L_deskewed,19,18
images/source_page_0008_L_deskewed_line020.jpg,дѣна,member,source_page_0008_L_deskewed,20,19
images/source_page_0008_L_deskewed_line021.jpg,Іосанто  10,member,source_page_0008_L_deskewed,21,28
images/source_page_0008_L_deskewed_line022.jpg,дочь  2,note,source_page_0008_L_deskewed,22,30
images/source_page_0008_L_deskewed_line023.jpg,Єфімія  8,member,source_page_0008_L_deskewed,23,61
images/source_page_0008_R_deskewed_line001.jpg,по магутєй матронъ братъ,note,source_page_0008_R_deskewed,1,19
images/source_page_0008_R_deskewed_line002.jpg,Павелъ Алексеєвъ  23,head,source_page_0008_R_deskewed,2,62
images/source_page_0008_R_deskewed_line003.jpg,Григорій Кандратовой синъ,head,source_page_0008_R_deskewed,3,59
images/source_page_0008_R_deskewed_line004.jpg,Лапша  43,head,source_page_0008_R_deskewed,4,34
images/source_page_0008_R_deskewed_line005.jpg,у него жена Єфросінія Іванова  12,member,source_page_0008_R_deskewed,5,26
images/source_page_0008_R_deskewed_line006.jpg,у нихъ дѣти написанніе,note,source_page_0008_R_deskewed,6,27
images/source_page_0008_R_deskewed_line007.jpg,въ послѣдніо предоп ревизіе,note,source_page_0008_R_deskewed,7,20
images/source_page_0008_R_deskewed_line008.jpg,Дімітрій  1,member,source_page_0008_R_deskewed,8,18
images/source_page_0008_R_deskewed_line009.jpg,дочерь,note,source_page_0008_R_deskewed,9,27
images/source_page_0008_R_deskewed_line010.jpg,Харетіна  8,member,source_page_0008_R_deskewed,10,26
images/source_page_0008_R_deskewed_line011.jpg,Агафія  6,member,source_page_0008_R_deskewed,11,18
images/source_page_0008_R_deskewed_line012.jpg,Отей Єфросінії мать Ев,note,source_page_0008_R_deskewed,12,25
images/source_page_0008_R_deskewed_line013.jpg,докія Андреева вдова  18,member,source_page_0008_R_deskewed,13,23
images/source_page_0008_R_deskewed_line014.jpg,Іванъ Михайловъ мотю,head,source_page_0008_R_deskewed,14,20
images/source_page_0008_R_deskewed_line015.jpg,дъ  56,head,source_page_0008_R_deskewed,15,37
images/source_page_0008_R_deskewed_line016.jpg,у него жена Ирина Васи,member,source_page_0008_R_deskewed,16,23
images/source_page_0008_R_deskewed_line017.jpg,лрена  53,member,source_page_0008_R_deskewed,17,27
images/source_page_0008_R_deskewed_line018.jpg,у нихъ дѣти написанніе,note,source_page_0008_R_deskewed,18,24
images/source_page_0008_R_deskewed_line019.jpg,въ послѣдніо предсилмъ ре,note,source_page_0008_R_deskewed,19,18
images/source_page_0008_R_deskewed_line020.jpg,визіе,note,source_page_0008_R_deskewed,20,21
images/source_page_0008_R_deskewed_line021.jpg,Семенъ  15,member,source_page_0008_R_deskewed,21,85
images/source_page_0008_R_deskewed_line022.jpg,Тихонъ  9,member,source_page_0008_R_deskewed,22,26
images/source_page_0009_R_deskewed_line001.jpg,Даніилъ  22,head,source_page_0009_R_deskewed,1,21
images/source_page_0009_R_deskewed_line002.jpg,Лукіянъ  2,member,source_page_0009_R_deskewed,2,68
images/source_page_0009_R_deskewed_line003.jpg,дочерь,note,source_page_0009_R_deskewed,3,26
images/source_page_0009_R_deskewed_line004.jpg,Матрона  8  21,member,source_page_0009_R_deskewed,4,60
images/source_page_0009_R_deskewed_line005.jpg,Євдана въ замужство въ поль,note,source_page_0009_R_deskewed,5,52
images/source_page_0009_R_deskewed_line006.jpg,Сіес село мотовіллаху,note,source_page_0009_R_deskewed,6,25
images/source_page_0009_R_deskewed_line007.jpg,Єфімія  4  17,member,source_page_0009_R_deskewed,7,25
images/source_page_0009_R_deskewed_line008.jpg,рожденныя послѣ ревизіи дочь,note,source_page_0009_R_deskewed,8,24
images/source_page_0009_R_deskewed_line009.jpg,Акліна  13,member,source_page_0009_R_deskewed,9,22
images/source_page_0009_R_deskewed_line010.jpg,Каліникъ Кандратіевъ  41,head,source_page_0009_R_deskewed,10,21
images/source_page_0009_R_deskewed_line011.jpg,у него жена Варвара Ілліна  40  53,member,source_page_0009_R_deskewed,11,42
images/source_page_0009_R_deskewed_line012.jpg,у нихъ дѣти написанніе,note,source_page_0009_R_deskewed,12,20
images/source_page_0009_R_deskewed_line013.jpg,въ послѣднею предсилмъ реви,note,source_page_0009_R_deskewed,13,27
images/source_page_0009_R_deskewed_line014.jpg,зіе,note,source_page_0009_R_deskewed,14,29
images/source_page_0009_R_deskewed_line015.jpg,Ѳедоръ  7  20,member,source_page_0009_R_deskewed,15,35
images/source_page_0009_R_deskewed_line016.jpg,дочерь,note,source_page_0009_R_deskewed,16,24
images/source_page_0009_R_deskewed_line017.jpg,Анна  5  18,member,source_page_0009_R_deskewed,17,34
images/source_page_0009_R_deskewed_line018.jpg,Уляна  2,member,source_page_0009_R_deskewed,18,27
images/source_page_0009_R_deskewed_line019.jpg,мать Варвари меланіе,note,source_page_0009_R_deskewed,19,26
images/source_page_0009_R_deskewed_line020.jpg,Максімова вдова  43,member,source_page_0009_R_deskewed,20,25
images/source_page_0009_R_deskewed_line021.jpg,Кіріло Михайловъ синъ Лиш,head,source_page_0009_R_deskewed,21,31
images/source_page_0009_R_deskewed_line022.jpg,ліченко  35  49,head,source_page_0009_R_deskewed,22,27
images/source_page_0010_L_deskewed_line001.jpg,у него жена Задія Никитна дочь  24  37,member,source_page_0010_L_deskewed,1,32
images/source_page_0010_L_deskewed_line002.jpg,у нихъ сіній написанніе,note,source_page_0010_L_deskewed,2,19
images/source_page_0010_L_deskewed_line003.jpg,въ послѣднею предсилмъ реви,note,source_page_0010_L_deskewed,3,41
images/source_page_0010_L_deskewed_line004.jpg,зіе,note,source_page_0010_L_deskewed,4,35
images/source_page_0010_L_deskewed_line005.jpg,Іосафъ  2  15,member,source_page_0010_L_deskewed,5,27
images/source_page_0010_L_deskewed_line006.jpg,рожденныя послѣ ревизіи,note,source_page_0010_L_deskewed,6,25
images/source_page_0010_L_deskewed_line007.jpg,Парфенъ  7,member,source_page_0010_L_deskewed,7,40
images/source_page_0010_L_deskewed_line008.jpg,дочерь,note,source_page_0010_L_deskewed,8,26
images/source_page_0010_L_deskewed_line009.jpg,Уляна  12,member,source_page_0010_L_deskewed,9,34
images/source_page_0010_L_deskewed_line010.jpg,Зіновія  9,member,source_page_0010_L_deskewed,10,18
images/source_page_0010_L_deskewed_line011.jpg,Татіана  1,member,source_page_0010_L_deskewed,11,19
images/source_page_0010_L_deskewed_line012.jpg,Нікіта Михайловъ синъ,head,source_page_0010_L_deskewed,12,24
images/source_page_0010_L_deskewed_line013.jpg,Шліфренко  25  38,head,source_page_0010_L_deskewed,13,18
images/source_page_0010_L_deskewed_line014.jpg,у него жена Марія Андреєва  21  34,member,source_page_0010_L_deskewed,14,20
images/source_page_0010_L_deskewed_line015.jpg,переведенъ плісеухой,note,source_page_0010_L_deskewed,15,29
images/source_page_0010_L_deskewed_line016.jpg,волості вберевнѣ Іто,note,source_page_0010_L_deskewed,16,36
images/source_page_0010_L_deskewed_line017.jpg,нкой совести Его сміле,note,source_page_0010_L_deskewed,17,27
images/source_page_0010_L_deskewed_line018.jpg,спородъ въ 795 году єдле,note,source_page_0010_L_deskewed,18,29
images/source_page_0010_L_deskewed_line019.jpg,і перевезді помищенъ одро,note,source_page_0010_L_deskewed,19,20
images/source_page_0010_L_deskewed_line020.jpg,помщанскихъ шліфренховъ,note,source_page_0010_L_deskewed,20,18
images/source_page_0010_L_deskewed_line021.jpg,Філіпъ,member,source_page_0010_L_deskewed,21,38
images/source_page_0010_L_deskewed_line022.jpg,Романъ  27  40,member,source_page_0010_L_deskewed,22,92
images/source_page_0010_R_deskewed_line001.jpg,у него жена Марфа Ко,member,source_page_0010_R_deskewed,1,31
images/source_page_0010_R_deskewed_line002.jpg,ндраттора  15  28,member,source_page_0010_R_deskewed,2,25
images/source_page_0010_R_deskewed_line003.jpg,взятая того села укас,note,source_page_0010_R_deskewed,3,42
images/source_page_0010_R_deskewed_line004.jpg,нято крестьянина Іва,note,source_page_0010_R_deskewed,4,25
images/source_page_0010_R_deskewed_line005.jpg,на мотуза,note,source_page_0010_R_deskewed,5,29
images/source_page_0010_R_deskewed_line006.jpg,у нихъ дѣти рожденные,note,source_page_0010_R_deskewed,6,30
images/source_page_0010_R_deskewed_line007.jpg,послѣ ревизіи,note,source_page_0010_R_deskewed,7,35
images/source_page_0010_R_deskewed_line008.jpg,Харитонъ  9,member,source_page_0010_R_deskewed,8,23
images/source_page_0010_R_deskewed_line009.jpg,дочерь,note,source_page_0010_R_deskewed,9,25
images/source_page_0010_R_deskewed_line010.jpg,Агафія  3,member,source_page_0010_R_deskewed,10,19
images/source_page_0010_R_deskewed_line011.jpg,Андрій  22,member,source_page_0010_R_deskewed,11,27
images/source_page_0010_R_deskewed_line012.jpg,Іларіонъ  16  29,member,source_page_0010_R_deskewed,12,23
images/source_page_0010_R_deskewed_line013.jpg,у него жена Ураліовой кау,member,source_page_0010_R_deskewed,13,20
images/source_page_0010_R_deskewed_line014.jpg,лова  4  17,member,source_page_0010_R_deskewed,14,21
images/source_page_0010_R_deskewed_line015.jpg,взятая того села укаженато,note,source_page_0010_R_deskewed,15,29
images/source_page_0010_R_deskewed_line016.jpg,крестьянина Наума хоменка,note,source_page_0010_R_deskewed,16,19
images/source_page_0010_R_deskewed_line017.jpg,Антонъ  13  26,member,source_page_0010_R_deskewed,17,29
images/source_page_0010_R_deskewed_line018.jpg,Іванъ Кіріловъ синъ Шаб,head,source_page_0010_R_deskewed,18,20
images/source_page_0010_R_deskewed_line019.jpg,лецъ  23,head,source_page_0010_R_deskewed,19,20
images/source_page_0010_R_deskewed_line020.jpg,у него жена Ксенія Романова  22,member,source_page_0010_R_deskewed,20,24
images/source_page_0010_R_deskewed_line021.jpg,у нихъ дѣти написанніе,note,source_page_0010_R_deskewed,21,23
images/source_page_0010_R_deskewed_line022.jpg,въ послѣднею предсилмъ ре,note,source_page_0010_R_deskewed,22,44
images/source_page_0010_R_deskewed_line023.jpg,визіе,note,source_page_0010_R_deskewed,23,52
images/source_page_0011_L_deskewed_line001.jpg,Григорій  5,member,source_page_0011_L_deskewed,1,47
images/source_page_0011_L_deskewed_line002.jpg,Павелъ  2,member,source_page_0011_L_deskewed,2,32
images/source_page_0011_L_deskewed_line003.jpg,Михайло Лудяновъ синъ,head,source_page_0011_L_deskewed,3,19
images/source_page_0011_L_deskewed_line004.jpg,Луценко  67,head,source_page_0011_L_deskewed,4,59
images/source_page_0011_L_deskewed_line005.jpg,у него жена Ірина Андреє,member,source_page_0011_L_deskewed,5,50
images/source_page_0011_L_deskewed_line006.jpg,ва дочь  48  61,member,source_page_0011_L_deskewed,6,22
images/source_page_0011_L_deskewed_line007.jpg,у нихъ дѣти написанніе,note,source_page_0011_L_deskewed,7,20
images/source_page_0011_L_deskewed_line008.jpg,въ послѣднею предсилмъ ре,note,source_page_0011_L_deskewed,8,22
images/source_page_0011_L_deskewed_line009.jpg,визіе,note,source_page_0011_L_deskewed,9,32
images/source_page_0011_L_deskewed_line010.jpg,Яковъ  29  42,member,source_page_0011_L_deskewed,10,36
images/source_page_0011_L_deskewed_line011.jpg,у него жена Ірина Свисенное,member,source_page_0011_L_deskewed,11,20
images/source_page_0011_L_deskewed_line012.jpg,дочь  20  33,member,source_page_0011_L_deskewed,12,25
images/source_page_0011_L_deskewed_line013.jpg,Укд дѣти рожденные по,note,source_page_0011_L_deskewed,13,27
images/source_page_0011_L_deskewed_line014.jpg,сіте ревизіи,note,source_page_0011_L_deskewed,14,18
images/source_page_0011_L_deskewed_line015.jpg,Ісаакъ  10,member,source_page_0011_L_deskewed,15,22
images/source_page_0011_L_deskewed_line016.jpg,Клімъ  5,member,source_page_0011_L_deskewed,16,24
images/source_page_0011_L_deskewed_line017.jpg,Александръ  1,member,source_page_0011_L_deskewed,17,27
images/source_page_0011_L_deskewed_line018.jpg,дочерь,note,source_page_0011_L_deskewed,18,40
images/source_page_0011_L_deskewed_line019.jpg,Євросінія  8,member,source_page_0011_L_deskewed,19,27
images/source_page_0011_L_deskewed_line020.jpg,Варвара  2,member,source_page_0011_L_deskewed,20,27
images/source_page_0011_L_deskewed_line021.jpg,Іванъ Михайловъ  22  37,head,source_page_0011_L_deskewed,21,27
images/source_page_0011_L_deskewed_line022.jpg,у него жена Софія Дмитрієва дочь  19  32,member,source_page_0011_L_deskewed,22,18
images/source_page_0011_L_deskewed_line023.jpg,взятая того села укаженного,note,source_page_0011_L_deskewed,23,23
images/source_page_0011_L_deskewed_line024.jpg,крестьянина Дмитрія предства,note,source_page_0011_L_deskewed,24,53
images/source_page_0011_R_deskewed_line001.jpg,у нихъ дѣти рожденные,note,source_page_0011_R_deskewed,1,21
images/source_page_0011_R_deskewed_line002.jpg,послѣ ревизіи дочерь,note,source_page_0011_R_deskewed,2,28
images/source_page_0011_R_deskewed_line003.jpg,Матрона  3,member,source_page_0011_R_deskewed,3,19
images/source_page_0011_R_deskewed_line004.jpg,Уляна  1,member,source_page_0011_R_deskewed,4,21
images/source_page_0011_R_deskewed_line005.jpg,Іванъ Михайловъ  8  21,head,source_page_0011_R_deskewed,5,34
images/source_page_0011_R_deskewed_line006.jpg,у него жена Праловськи ни,member,source_page_0011_R_deskewed,6,33
images/source_page_0011_R_deskewed_line007.jpg,Іфедора  18,member,source_page_0011_R_deskewed,7,24
images/source_page_0011_R_deskewed_line008.jpg,взятая села Плісецького ука,note,source_page_0011_R_deskewed,8,19
images/source_page_0011_R_deskewed_line009.jpg,зеннаго крестьянина Міні,note,source_page_0011_R_deskewed,9,20
images/source_page_0011_R_deskewed_line010.jpg,фора Заболотнаго,note,source_page_0011_R_deskewed,10,22
images/source_page_0011_R_deskewed_line011.jpg,одочерь Михайли Луценка,note,source_page_0011_R_deskewed,11,23
images/source_page_0011_R_deskewed_line012.jpg,Євдокія  21  34,member,source_page_0011_R_deskewed,12,19
images/source_page_0011_R_deskewed_line013.jpg,Євдана въ замужство въ Бдань,note,source_page_0011_R_deskewed,13,20
images/source_page_0011_R_deskewed_line014.jpg,село Мотовіловку Зіта,note,source_page_0011_R_deskewed,14,28
images/source_page_0011_R_deskewed_line015.jpg,машенко житіла,note,source_page_0011_R_deskewed,15,34
images/source_page_0011_R_deskewed_line016.jpg,Агафія Євдани въ замужство,note,source_page_0011_R_deskewed,16,23
images/source_page_0011_R_deskewed_line017.jpg,тогожъ села Данасатнаго,note,source_page_0011_R_deskewed,17,18
images/source_page_0011_R_deskewed_line018.jpg,крестьянина Павла Кра,note,source_page_0011_R_deskewed,18,24
images/source_page_0011_R_deskewed_line019.jpg,вця,note,source_page_0011_R_deskewed,19,23
images/source_page_0011_R_deskewed_line020.jpg,Іванъ Наліитинъ синъ Со,head,source_page_0011_R_deskewed,20,20
images/source_page_0011_R_deskewed_line021.jpg,дина  73,head,source_page_0011_R_deskewed,21,29
images/source_page_0011_R_deskewed_line022.jpg,у него жена Єфросінія Василь  42,member,source_page_0011_R_deskewed,22,22
images/source_page_0011_R_deskewed_line023.jpg,ова,note,source_page_0011_R_deskewed,23,19
images/source_page_0011_R_deskewed_line024.jpg,Укд дѣти написанніе въ послу,note,source_page_0011_R_deskewed,24,25
images/source_page_0011_R_deskewed_line025.jpg,дніо тудсте ревизіе,note,source_page_0011_R_deskewed,25,86
images/source_page_0012_L_deskewed_line001.jpg,Кондратъ  10  23,head,source_page_0012_L_deskewed,1,30
images/source_page_0012_L_deskewed_line002.jpg,у него жена Єфімія Ѳедорева  7  9  22,member,source_page_0012_L_deskewed,2,31
images/source_page_0012_L_deskewed_line003.jpg,взятая тогожъ села укаженого,note,source_page_0012_L_deskewed,3,16
images/source_page_0012_L_deskewed_line004.jpg,ного крестьянина Ѳедорее,note,source_page_0012_L_deskewed,4,44
images/source_page_0012_L_deskewed_line005.jpg,Гонгара,note,source_page_0012_L_deskewed,5,23
images/source_page_0012_L_deskewed_line006.jpg,у нихъ дочь рожденная послѣ,note,source_page_0012_L_deskewed,6,16
images/source_page_0012_L_deskewed_line007.jpg,ревизіи,note,source_page_0012_L_deskewed,7,21
images/source_page_0012_L_deskewed_line008.jpg,Ірина  9,member,source_page_0012_L_deskewed,8,24
images/source_page_0012_L_deskewed_line009.jpg,Алексій Іванкей  8,head,source_page_0012_L_deskewed,9,15
images/source_page_0012_L_deskewed_line010.jpg,дочь,note,source_page_0012_L_deskewed,10,45
images/source_page_0012_L_deskewed_line011.jpg,Акіліна Іляшкопе  12  24,member,source_page_0012_L_deskewed,11,21
images/source_page_0012_L_deskewed_line012.jpg,Євдана въ замужство въ тоть,note,source_page_0012_L_deskewed,12,21
images/source_page_0012_L_deskewed_line013.jpg,Сіесе Сло мотовіловску,note,source_page_0012_L_deskewed,13,15
images/source_page_0012_L_deskewed_line014.jpg,Сестра Єфросінія,note,source_page_0012_L_deskewed,14,28
images/source_page_0012_L_deskewed_line015.jpg,Єфімія Василева дочь Євдани  41,member,source_page_0012_L_deskewed,15,28
images/source_page_0012_L_deskewed_line016.jpg,Плевянніна окало Свідкій,note,source_page_0012_L_deskewed,16,28
images/source_page_0012_L_deskewed_line017.jpg,Герасима Герасімовъ синъ,head,source_page_0012_L_deskewed,17,16
images/source_page_0012_L_deskewed_line018.jpg,претпляткіко  15  28,head,source_page_0012_L_deskewed,18,24
images/source_page_0012_L_deskewed_line019.jpg,у него жена Ганна Петрова  25,member,source_page_0012_L_deskewed,19,31
images/source_page_0012_L_deskewed_line020.jpg,взятая іде написанніхъ,note,source_page_0012_L_deskewed,20,16
images/source_page_0012_L_deskewed_line021.jpg,Кіевобратськогхъ монастиру,note,source_page_0012_L_deskewed,21,22
images/source_page_0012_L_deskewed_line022.jpg,попосілдніе ревідіи Вброварко,note,source_page_0012_L_deskewed,22,43
images/source_page_0012_L_deskewed_line023.jpg,Сгорде Кіено,note,source_page_0012_L_deskewed,23,32
images/source_page_0012_L_deskewed_line024.jpg,Яковъ Андреєвъ Синдабондъ  32  45,head,source_page_0012_L_deskewed,24,48
images/source_page_0012_R_deskewed_line001.jpg,у него жена Ірина Іванена дочь  31  44,member,source_page_0012_R_deskewed,1,24
images/source_page_0012_R_deskewed_line002.jpg,укд дѣти написанніе,note,source_page_0012_R_deskewed,2,64
images/source_page_0012_R_deskewed_line003.jpg,въ послѣдніо предсилмъ ре,note,source_page_0012_R_deskewed,3,20
images/source_page_0012_R_deskewed_line004.jpg,визіе,note,source_page_0012_R_deskewed,4,20
images/source_page_0012_R_deskewed_line005.jpg,Михайло  9,member,source_page_0012_R_deskewed,5,19
images/source_page_0012_R_deskewed_line006.jpg,дочь,note,source_page_0012_R_deskewed,6,31
images/source_page_0012_R_deskewed_line007.jpg,Уляна  5,member,source_page_0012_R_deskewed,7,20
images/source_page_0012_R_deskewed_line008.jpg,Євдана въ замужство тогожъ,note,source_page_0012_R_deskewed,8,33
images/source_page_0012_R_deskewed_line009.jpg,села Данаженного крестья,note,source_page_0012_R_deskewed,9,33
images/source_page_0012_R_deskewed_line010.jpg,ника Савву Кірсенка,note,source_page_0012_R_deskewed,10,20
images/source_page_0012_R_deskewed_line011.jpg,рожденный послѣ ревизіи,note,source_page_0012_R_deskewed,11,22
images/source_page_0012_R_deskewed_line012.jpg,Іванъ  5,member,source_page_0012_R_deskewed,12,26
images/source_page_0012_R_deskewed_line013.jpg,дочерь,note,source_page_0012_R_deskewed,13,20
images/source_page_0012_R_deskewed_line014.jpg,Варвара  8,member,source_page_0012_R_deskewed,14,26
images/source_page_0012_R_deskewed_line015.jpg,Христіна  2,member,source_page_0012_R_deskewed,15,25
images/source_page_0012_R_deskewed_line016.jpg,Акіліна Павлова дочь Улянки,member,source_page_0012_R_deskewed,16,20
images/source_page_0012_R_deskewed_line017.jpg,хи вдова  60  73,member,source_page_0012_R_deskewed,17,26
images/source_page_0012_R_deskewed_line018.jpg,у неї синъ написанній въ,note,source_page_0012_R_deskewed,18,33
images/source_page_0012_R_deskewed_line019.jpg,слѣдніо предсілнь ревізіе,note,source_page_0012_R_deskewed,19,33
images/source_page_0012_R_deskewed_line020.jpg,Мінісфоръ Павленъ синъ  36  49,member,source_page_0012_R_deskewed,20,19
images/source_page_0012_R_deskewed_line021.jpg,у него жена Параскевія,member,source_page_0012_R_deskewed,21,25
images/source_page_0012_R_deskewed_line022.jpg,Іосіфова дочь  31,member,source_page_0012_R_deskewed,22,26
images/source_page_0012_R_deskewed_line023.jpg,укд дѣти написанніе,note,source_page_0012_R_deskewed,23,21
images/source_page_0012_R_deskewed_line024.jpg,въ послѣдніо предсілнь,note,source_page_0012_R_deskewed,24,27
images/source_page_0012_R_deskewed_line025.jpg,ревізіе,note,source_page_0012_R_deskewed,25,74
images/source_page_0013_L_deskewed_line001.jpg,Ѳедоръ  8  21,head,source_page_0013_L_deskewed,1,37
images/source_page_0013_L_deskewed_line002.jpg,Григорій  3  16,member,source_page_0013_L_deskewed,2,17
images/source_page_0013_L_deskewed_line003.jpg,дочерь,note,source_page_0013_L_deskewed,3,16
images/source_page_0013_L_deskewed_line004.jpg,Домінікія  4  17,member,source_page_0013_L_deskewed,4,16
images/source_page_0013_L_deskewed_line005.jpg,Єдина въ замужство Вполіна є,note,source_page_0013_L_deskewed,5,30
images/source_page_0013_L_deskewed_line006.jpg,село Скитерівску  1  14,note,source_page_0013_L_deskewed,6,31
images/source_page_0013_L_deskewed_line007.jpg,Одія,member,source_page_0013_L_deskewed,7,20
images/source_page_0013_L_deskewed_line008.jpg,Окей Мінісфоръ Павловъ пре,note,source_page_0013_L_deskewed,8,26
images/source_page_0013_L_deskewed_line009.jpg,міщенъ Совська Его Смілсто,note,source_page_0013_L_deskewed,9,23
images/source_page_0013_L_deskewed_line010.jpg,бдубовкє одробку іде іптерсіди,note,source_page_0013_L_deskewed,10,17
images/source_page_0013_L_deskewed_line011.jpg,Почаяндь будівъ,note,source_page_0013_L_deskewed,11,27
images/source_page_0013_L_deskewed_line012.jpg,Окей Акіліна племянніки,note,source_page_0013_L_deskewed,12,20
images/source_page_0013_L_deskewed_line013.jpg,Мінісфоръ Романовъ синъ,head,source_page_0013_L_deskewed,13,34
images/source_page_0013_L_deskewed_line014.jpg,Шуліфратско  24  37,head,source_page_0013_L_deskewed,14,23
images/source_page_0013_L_deskewed_line015.jpg,у него жена Єфросінія Єф,member,source_page_0013_L_deskewed,15,26
images/source_page_0013_L_deskewed_line016.jpg,Стасфлєда дочь  19  39,member,source_page_0013_L_deskewed,16,26
images/source_page_0013_L_deskewed_line017.jpg,Состар нікная тогожъ сила,note,source_page_0013_L_deskewed,17,15
images/source_page_0013_L_deskewed_line018.jpg,ісказіннаго крестьянина Єстафік,note,source_page_0013_L_deskewed,18,22
images/source_page_0013_L_deskewed_line019.jpg,тгіела,note,source_page_0013_L_deskewed,19,21
images/source_page_0013_L_deskewed_line020.jpg,Укд дѣтей рожденніе,note,source_page_0013_L_deskewed,20,22
images/source_page_0013_L_deskewed_line021.jpg,послѣ ревізіи,note,source_page_0013_L_deskewed,21,29
images/source_page_0013_L_deskewed_line022.jpg,Іванъ  9,member,source_page_0013_L_deskewed,22,15
images/source_page_0013_L_deskewed_line023.jpg,Іонъ  2,member,source_page_0013_L_deskewed,23,19
images/source_page_0013_L_deskewed_line024.jpg,дочерь,note,source_page_0013_L_deskewed,24,29
images/source_page_0013_L_deskewed_line025.jpg,Пелагія  4,member,source_page_0013_L_deskewed,25,47
images/source_page_0013_L_deskewed_line026.jpg,Марія  2,member,source_page_0013_L_deskewed,26,80
images/source_page_0013_R_deskewed_line001.jpg,Тімофій Артімовъ синъ,head,source_page_0013_R_deskewed,1,27
images/source_page_0013_R_deskewed_line002.jpg,Коваленко  25  39,head,source_page_0013_R_deskewed,2,24
images/source_page_0013_R_deskewed_line003.jpg,у него жена Христіна Петрівна  31,member,source_page_0013_R_deskewed,3,34
images/source_page_0013_R_deskewed_line004.jpg,взятая Алексіей мщанде,note,source_page_0013_R_deskewed,4,24
images/source_page_0013_R_deskewed_line005.jpg,Укд дѣта рожденных послѣ рevi,note,source_page_0013_R_deskewed,5,18
images/source_page_0013_R_deskewed_line006.jpg,зіи дочь  6,note,source_page_0013_R_deskewed,6,24
images/source_page_0013_R_deskewed_line007.jpg,Марієна,member,source_page_0013_R_deskewed,7,21
images/source_page_0013_R_deskewed_line008.jpg,Іванъ Романовъ синъ,head,source_page_0013_R_deskewed,8,22
images/source_page_0013_R_deskewed_line009.jpg,Луценко  25  28,head,source_page_0013_R_deskewed,9,28
images/source_page_0013_R_deskewed_line010.jpg,у него жена Матарона Гераси,member,source_page_0013_R_deskewed,10,36
images/source_page_0013_R_deskewed_line011.jpg,мова,member,source_page_0013_R_deskewed,11,22
images/source_page_0013_R_deskewed_line012.jpg,Євдана въ замужство тогожъ,note,source_page_0013_R_deskewed,12,25
images/source_page_0013_R_deskewed_line013.jpg,села Данаженного крестья,note,source_page_0013_R_deskewed,13,22
images/source_page_0013_R_deskewed_line014.jpg,ніка Стопа Кірсенка,note,source_page_0013_R_deskewed,14,20
images/source_page_0013_R_deskewed_line015.jpg,у нихъ дѣти написанніе,note,source_page_0013_R_deskewed,15,23
images/source_page_0013_R_deskewed_line016.jpg,въ послѣдніо предсілнь ре,note,source_page_0013_R_deskewed,16,26
images/source_page_0013_R_deskewed_line017.jpg,візіе,note,source_page_0013_R_deskewed,17,25
images/source_page_0013_R_deskewed_line018.jpg,Ємельянъ  1  14,member,source_page_0013_R_deskewed,18,18
images/source_page_0013_R_deskewed_line019.jpg,дочь,note,source_page_0013_R_deskewed,19,22
images/source_page_0013_R_deskewed_line020.jpg,Євдокія  7,member,source_page_0013_R_deskewed,20,26
images/source_page_0013_R_deskewed_line021.jpg,рожденніе послѣ ревізіи,note,source_page_0013_R_deskewed,21,20
images/source_page_0013_R_deskewed_line022.jpg,Парфенъ  2,member,source_page_0013_R_deskewed,22,38
images/source_page_0013_R_deskewed_line023.jpg,Океєю Акіліна племя,note,source_page_0013_R_deskewed,23,27
images/source_page_0013_R_deskewed_line024.jpg,нанця,note,source_page_0013_R_deskewed,24,25
images/source_page_0013_R_deskewed_line025.jpg,Мєуфіромаковадочь  20  33,member,source_page_0013_R_deskewed,25,95
images/source_page_0014_L_deskewed_line001.jpg,Євдана въ замужство то,note,source_page_0014_L_deskewed,1,46
images/source_page_0014_L_deskewed_line002.jpg,гожъ села Данаженного,note,source_page_0014_L_deskewed,2,50
images/source_page_0014_L_deskewed_line003.jpg,крестьянська Карта,note,source_page_0014_L_deskewed,3,22
images/source_page_0014_L_deskewed_line004.jpg,ліміщинка,note,source_page_0014_L_deskewed,4,44
images/source_page_0014_L_deskewed_line005.jpg,Дімітрі Патровъ синъ не,head,source_page_0014_L_deskewed,5,23
images/source_page_0014_L_deskewed_line006.jpg,рікрієто  63,head,source_page_0014_L_deskewed,6,16
images/source_page_0014_L_deskewed_line007.jpg,у него жена Агафія Павлова дочь  57,member,source_page_0014_L_deskewed,7,24
images/source_page_0014_L_deskewed_line008.jpg,Укд дѣти написанніе,note,source_page_0014_L_deskewed,8,33
images/source_page_0014_L_deskewed_line009.jpg,въ послѣдніо предсілнь,note,source_page_0014_L_deskewed,9,26
images/source_page_0014_L_deskewed_line010.jpg,ревізіе,note,source_page_0014_L_deskewed,10,18
images/source_page_0014_L_deskewed_line011.jpg,Іларій  24  41,member,source_page_0014_L_deskewed,11,30
images/source_page_0014_L_deskewed_line012.jpg,у него жена написанний ні,member,source_page_0014_L_deskewed,12,22
images/source_page_0014_L_deskewed_line013.jpg,Іфорора  1  24  37,member,source_page_0014_L_deskewed,13,15
images/source_page_0014_L_deskewed_line014.jpg,у нихъ дочь написанная,note,source_page_0014_L_deskewed,14,21
images/source_page_0014_L_deskewed_line015.jpg,въ послѣдніо предсілнь,note,source_page_0014_L_deskewed,15,22
images/source_page_0014_L_deskewed_line016.jpg,ревізіе,note,source_page_0014_L_deskewed,16,20
images/source_page_0014_L_deskewed_line017.jpg,Уклбіна  1,member,source_page_0014_L_deskewed,17,20
images/source_page_0014_L_deskewed_line018.jpg,рожденніе послѣ ревізіи,note,source_page_0014_L_deskewed,18,28
images/source_page_0014_L_deskewed_line019.jpg,Максімъ  4,member,source_page_0014_L_deskewed,19,43
images/source_page_0014_L_deskewed_line020.jpg,дочь,note,source_page_0014_L_deskewed,20,18
images/source_page_0014_L_deskewed_line021.jpg,Оксена  3,member,source_page_0014_L_deskewed,21,16
images/source_page_0014_L_deskewed_line022.jpg,Харламтій  22  35,member,source_page_0014_L_deskewed,22,32
images/source_page_0014_L_deskewed_line023.jpg,у него жена Дарія Профімова  20  33,member,source_page_0014_L_deskewed,23,20
images/source_page_0014_L_deskewed_line024.jpg,Старинная тогожъ села,note,source_page_0014_L_deskewed,24,16
images/source_page_0014_L_deskewed_line025.jpg,ніного крестьянина Профіма,note,source_page_0014_L_deskewed,25,20
images/source_page_0014_L_deskewed_line026.jpg,содаіщина,note,source_page_0014_L_deskewed,26,50
images/source_page_0014_R_deskewed_line001.jpg,Укд дѣтей рожденніе послѣ,note,source_page_0014_R_deskewed,1,21
images/source_page_0014_R_deskewed_line002.jpg,ревізіи,note,source_page_0014_R_deskewed,2,30
images/source_page_0014_R_deskewed_line003.jpg,Пілєнє  2,member,source_page_0014_R_deskewed,3,21
images/source_page_0014_R_deskewed_line004.jpg,Василій  15  28,member,source_page_0014_R_deskewed,4,18
images/source_page_0014_R_deskewed_line005.jpg,Семенъ  12  25,member,source_page_0014_R_deskewed,5,41
images/source_page_0014_R_deskewed_line006.jpg,Ѳедоръ  10  23,member,source_page_0014_R_deskewed,6,15
images/source_page_0014_R_deskewed_line007.jpg,дочерь,note,source_page_0014_R_deskewed,7,23
images/source_page_0014_R_deskewed_line008.jpg,Катаріна  27,member,source_page_0014_R_deskewed,8,16
images/source_page_0014_R_deskewed_line009.jpg,Одія  20,member,source_page_0014_R_deskewed,9,30
images/source_page_0014_R_deskewed_line010.jpg,Софія Євдана въ замужство,note,source_page_0014_R_deskewed,10,17
images/source_page_0014_R_deskewed_line011.jpg,тогожъ села Данаженного,note,source_page_0014_R_deskewed,11,23
images/source_page_0014_R_deskewed_line012.jpg,крестьянина Івана Ду,note,source_page_0014_R_deskewed,12,29
images/source_page_0014_R_deskewed_line013.jpg,ценка,note,source_page_0014_R_deskewed,13,20
images/source_page_0014_R_deskewed_line014.jpg,Даніло Єрмолаєвій синъ,head,source_page_0014_R_deskewed,14,28
images/source_page_0014_R_deskewed_line015.jpg,Ярмоленко  34  51,head,source_page_0014_R_deskewed,15,20
images/source_page_0014_R_deskewed_line016.jpg,у него жена Агафія Ні Іо,member,source_page_0014_R_deskewed,16,20
images/source_page_0014_R_deskewed_line017.jpg,сіфрева  36  49,member,source_page_0014_R_deskewed,17,23
images/source_page_0014_R_deskewed_line018.jpg,Укд дѣти написанніе,note,source_page_0014_R_deskewed,18,24
images/source_page_0014_R_deskewed_line019.jpg,въ послѣдніо предсілнь,note,source_page_0014_R_deskewed,19,25
images/source_page_0014_R_deskewed_line020.jpg,ревізіе,note,source_page_0014_R_deskewed,20,20
images/source_page_0014_R_deskewed_line021.jpg,Михайло  16  29,member,source_page_0014_R_deskewed,21,15
images/source_page_0014_R_deskewed_line022.jpg,у него жена Марфа Ганна,member,source_page_0014_R_deskewed,22,21
images/source_page_0014_R_deskewed_line023.jpg,това  14  27,member,source_page_0014_R_deskewed,23,16
images/source_page_0014_R_deskewed_line024.jpg,Стаціній тогожъ сила,note,source_page_0014_R_deskewed,24,134
images/source_page_0015_L_deskewed_line001.jpg,Манарь  10,head,source_page_0015_L_deskewed,1,34
images/source_page_0015_L_deskewed_line002.jpg,дочерь,note,source_page_0015_L_deskewed,2,24
images/source_page_0015_L_deskewed_line003.jpg,Матрона  6  19,member,source_page_0015_L_deskewed,3,51
images/source_page_0015_L_deskewed_line004.jpg,Євдася въ замужство въ поль,note,source_page_0015_L_deskewed,4,16
images/source_page_0015_L_deskewed_line005.jpg,Сіосе сло мотовіллоку,note,source_page_0015_L_deskewed,5,35
images/source_page_0015_L_deskewed_line006.jpg,Стафаніда  3  16,member,source_page_0015_L_deskewed,6,31
images/source_page_0015_L_deskewed_line007.jpg,Лівагіру Окаго Васалеїлу,note,source_page_0015_L_deskewed,7,29
images/source_page_0015_L_deskewed_line008.jpg,Афронасій Прасофрентъ синъ,head,source_page_0015_L_deskewed,8,23
images/source_page_0015_L_deskewed_line009.jpg,Синдь  25  38,head,source_page_0015_L_deskewed,9,33
images/source_page_0015_L_deskewed_line010.jpg,у него жена Євгенія Кліщова  21  34,member,source_page_0015_L_deskewed,10,24
images/source_page_0015_L_deskewed_line011.jpg,Укд дѣти рожденніе послѣ,note,source_page_0015_L_deskewed,11,23
images/source_page_0015_L_deskewed_line012.jpg,ревізіи,note,source_page_0015_L_deskewed,12,17
images/source_page_0015_L_deskewed_line013.jpg,Єфімъ  7,member,source_page_0015_L_deskewed,13,21
images/source_page_0015_L_deskewed_line014.jpg,дочь,note,source_page_0015_L_deskewed,14,28
images/source_page_0015_L_deskewed_line015.jpg,Тестіяна  1  2,member,source_page_0015_L_deskewed,15,21
images/source_page_0015_L_deskewed_line016.jpg,Окаго Афронасія Стефора про,note,source_page_0015_L_deskewed,16,25
images/source_page_0015_L_deskewed_line017.jpg,Іостъ Петрової Свідь Перкрієтъ  50,note,source_page_0015_L_deskewed,17,43
images/source_page_0015_L_deskewed_line018.jpg,Кіріло Афонасіовъ синъ Свідни  55,head,source_page_0015_L_deskewed,18,23
images/source_page_0015_L_deskewed_line019.jpg,у него жена Марія Михайлова  45,member,source_page_0015_L_deskewed,19,21
images/source_page_0015_L_deskewed_line020.jpg,Укд дѣти написанніе въ поль,note,source_page_0015_L_deskewed,20,21
images/source_page_0015_L_deskewed_line021.jpg,дніо предсілнь ревізіе,note,source_page_0015_L_deskewed,21,16
images/source_page_0015_L_deskewed_line022.jpg,Іванъ  26  39,member,source_page_0015_L_deskewed,22,16
images/source_page_0015_L_deskewed_line023.jpg,у него жена Єфросінія ад  25  38,member,source_page_0015_L_deskewed,23,25
images/source_page_0015_L_deskewed_line024.jpg,тімсара,note,source_page_0015_L_deskewed,24,22
images/source_page_0015_L_deskewed_line025.jpg,Укд дѣті рожденніе послѣ,note,source_page_0015_L_deskewed,25,40
images/source_page_0015_L_deskewed_line026.jpg,ревізіи,note,source_page_0015_L_deskewed,26,51
images/source_page_0015_R_deskewed_line001.jpg,Ісхатъ  2,member,source_page_0015_R_deskewed,1,16
images/source_page_0015_R_deskewed_line002.jpg,дочерь,note,source_page_0015_R_deskewed,2,27
images/source_page_0015_R_deskewed_line003.jpg,Єфросіня  12,member,source_page_0015_R_deskewed,3,32
images/source_page_0015_R_deskewed_line004.jpg,Шматрона  9,member,source_page_0015_R_deskewed,4,16
images/source_page_0015_R_deskewed_line005.jpg,Лабдємтій  22  35,member,source_page_0015_R_deskewed,5,18
images/source_page_0015_R_deskewed_line006.jpg,у него жена Акіліна Ѳедорова  18  31,member,source_page_0015_R_deskewed,6,34
images/source_page_0015_R_deskewed_line007.jpg,взятая Вташенінкє Ѳєні,note,source_page_0015_R_deskewed,7,26
images/source_page_0015_R_deskewed_line008.jpg,ня Ѳедоро поббартіхе,note,source_page_0015_R_deskewed,8,30
images/source_page_0015_R_deskewed_line009.jpg,Укд дѣті рожденніе послѣ,note,source_page_0015_R_deskewed,9,24
images/source_page_0015_R_deskewed_line010.jpg,ревізіи дочерь,note,source_page_0015_R_deskewed,10,17
images/source_page_0015_R_deskewed_line011.jpg,Єфросінія  3,member,source_page_0015_R_deskewed,11,25
images/source_page_0015_R_deskewed_line012.jpg,Пелагія  2,member,source_page_0015_R_deskewed,12,21
images/source_page_0015_R_deskewed_line013.jpg,Зяту Окаго Кіріла Андрій,note,source_page_0015_R_deskewed,13,19
images/source_page_0015_R_deskewed_line014.jpg,Іванові Стадніцькій  32  15,head,source_page_0015_R_deskewed,14,17
images/source_page_0015_R_deskewed_line015.jpg,у него жена Харітіна Кір,member,source_page_0015_R_deskewed,15,21
images/source_page_0015_R_deskewed_line016.jpg,лова  31  44,member,source_page_0015_R_deskewed,16,32
images/source_page_0015_R_deskewed_line017.jpg,Укд дѣти написанніе,note,source_page_0015_R_deskewed,17,16
images/source_page_0015_R_deskewed_line018.jpg,въ послѣдніо предсілнь ре,note,source_page_0015_R_deskewed,18,24
images/source_page_0015_R_deskewed_line019.jpg,візіе,note,source_page_0015_R_deskewed,19,24
images/source_page_0015_R_deskewed_line020.jpg,Харкне  2  15,member,source_page_0015_R_deskewed,20,18
images/source_page_0015_R_deskewed_line021.jpg,дочерь,note,source_page_0015_R_deskewed,21,18
images/source_page_0015_R_deskewed_line022.jpg,Уляна  9  22,member,source_page_0015_R_deskewed,22,24
images/source_page_0015_R_deskewed_line023.jpg,Татьяна  4  17,member,source_page_0015_R_deskewed,23,28
images/source_page_0015_R_deskewed_line024.jpg,Рожденная послѣ ревізіи,note,source_page_0015_R_deskewed,24,18
images/source_page_0015_R_deskewed_line025.jpg,Марія  10,member,source_page_0015_R_deskewed,25,90
images/source_page_0016_L_deskewed_line001.jpg,Матіяшка Денісова дочь,note,source_page_0016_L_deskewed,1,86
images/source_page_0016_L_deskewed_line002.jpg,Салбійка вдова  53,member,source_page_0016_L_deskewed,2,19
images/source_page_0016_L_deskewed_line003.jpg,у неї дѣти написанніе въ послѣ,note,source_page_0016_L_deskewed,3,41
images/source_page_0016_L_deskewed_line004.jpg,дніо предсілнь ревізіе,note,source_page_0016_L_deskewed,4,41
images/source_page_0016_L_deskewed_line005.jpg,Савва Петровъ синъ  24  37,member,source_page_0016_L_deskewed,5,27
images/source_page_0016_L_deskewed_line006.jpg,Обі Ліне Сдуховнує Стнатіє,note,source_page_0016_L_deskewed,6,28
images/source_page_0016_L_deskewed_line007.jpg,Лісостоінтъ Сполніе Свнадіо,note,source_page_0016_L_deskewed,7,24
images/source_page_0016_L_deskewed_line008.jpg,чінній,note,source_page_0016_L_deskewed,8,30
images/source_page_0016_L_deskewed_line009.jpg,Філіпъ  32  45,head,source_page_0016_L_deskewed,9,20
images/source_page_0016_L_deskewed_line010.jpg,у него жена Марія Іларнова  24  37,member,source_page_0016_L_deskewed,10,20
images/source_page_0016_L_deskewed_line011.jpg,Укд дѣті написанніе,note,source_page_0016_L_deskewed,11,29
images/source_page_0016_L_deskewed_line012.jpg,въ послѣдніо предсілнь,note,source_page_0016_L_deskewed,12,29
images/source_page_0016_L_deskewed_line013.jpg,візіе,note,source_page_0016_L_deskewed,13,40
images/source_page_0016_L_deskewed_line014.jpg,Матіяна  4  17,member,source_page_0016_L_deskewed,14,21
images/source_page_0016_L_deskewed_line015.jpg,Пелагія  2  15,member,source_page_0016_L_deskewed,15,28
images/source_page_0016_L_deskewed_line016.jpg,Лосбра  1  14,member,source_page_0016_L_deskewed,16,25
images/source_page_0016_L_deskewed_line017.jpg,рожденніе послѣ ревізіи,note,source_page_0016_L_deskewed,17,33
images/source_page_0016_L_deskewed_line018.jpg,Кіріло  9,member,source_page_0016_L_deskewed,18,26
images/source_page_0016_L_deskewed_line019.jpg,Маркіянъ  8,member,source_page_0016_L_deskewed,19,25
images/source_page_0016_L_deskewed_line020.jpg,Поліентутой Сотіхи дочь,note,source_page_0016_L_deskewed,20,27
images/source_page_0016_L_deskewed_line021.jpg,Уляна Євдана вдаш,note,source_page_0016_L_deskewed,21,41
images/source_page_0016_L_deskewed_line022.jpg,Жанко Датотасоменаго,note,source_page_0016_L_deskewed,22,19
images/source_page_0016_L_deskewed_line023.jpg,Дра нтеля Ісадженного цреть,note,source_page_0016_L_deskewed,23,53
images/source_page_0016_L_deskewed_line024.jpg,Яасна андрея Содасторджки,note,source_page_0016_L_deskewed,24,49
images/source_page_0016_R_deskewed_line001.jpg,Палінксесіму окоп Тматблат,note,source_page_0016_R_deskewed,1,17
images/source_page_0016_R_deskewed_line002.jpg,осіня Карпеєкі дочь  40,note,source_page_0016_R_deskewed,2,28
images/source_page_0016_R_deskewed_line003.jpg,у неї дочь написанная Сполі,note,source_page_0016_R_deskewed,3,16
images/source_page_0016_R_deskewed_line004.jpg,ніо предсілнь ревізіе,note,source_page_0016_R_deskewed,4,18
images/source_page_0016_R_deskewed_line005.jpg,Марфа  11,member,source_page_0016_R_deskewed,5,16
images/source_page_0016_R_deskewed_line006.jpg,Ѳедоръ Сергеєвъ синъ Сотенко  43  57,head,source_page_0016_R_deskewed,6,17
images/source_page_0016_R_deskewed_line007.jpg,у него жена Ксенія Петрова  42  55,member,source_page_0016_R_deskewed,7,23
images/source_page_0016_R_deskewed_line008.jpg,Укд дѣти написанніе Сполі,note,source_page_0016_R_deskewed,8,21
images/source_page_0016_R_deskewed_line009.jpg,ніо предсілнь ревізіе,note,source_page_0016_R_deskewed,9,24
images/source_page_0016_R_deskewed_line010.jpg,Леонтій  18  31,member,source_page_0016_R_deskewed,10,19
images/source_page_0016_R_deskewed_line011.jpg,у него жена Дарія Іронова  16  29,member,source_page_0016_R_deskewed,11,15
images/source_page_0016_R_deskewed_line012.jpg,взятая тогожъ села укаженного,note,source_page_0016_R_deskewed,12,17
images/source_page_0016_R_deskewed_line013.jpg,крестьянська Ілірнєтъ сель,note,source_page_0016_R_deskewed,13,22
images/source_page_0016_R_deskewed_line014.jpg,Хатнаго,note,source_page_0016_R_deskewed,14,22
images/source_page_0016_R_deskewed_line015.jpg,Укд синдъ рожденній послѣ,note,source_page_0016_R_deskewed,15,23
images/source_page_0016_R_deskewed_line016.jpg,ревізіи,note,source_page_0016_R_deskewed,16,23
images/source_page_0016_R_deskewed_line017.jpg,Сімеонъ  3,member,source_page_0016_R_deskewed,17,25
images/source_page_0016_R_deskewed_line018.jpg,Прінсотъ  15,member,source_page_0016_R_deskewed,18,14
images/source_page_0016_R_deskewed_line019.jpg,Михайло  5  18,member,source_page_0016_R_deskewed,19,33
images/source_page_0016_R_deskewed_line020.jpg,Найсфоръ  1  14,member,source_page_0016_R_deskewed,20,35
images/source_page_0016_R_deskewed_line021.jpg,дочь,note,source_page_0016_R_deskewed,21,19
images/source_page_0016_R_deskewed_line022.jpg,Єфімія Єдрана Вдамустово,note,source_page_0016_R_deskewed,22,30
images/source_page_0016_R_deskewed_line023.jpg,тогожъ Сіла Данаженнього цреть,note,source_page_0016_R_deskewed,23,18
images/source_page_0016_R_deskewed_line024.jpg,янська Назаграта Водантанко,note,source_page_0016_R_deskewed,24,23
images/source_page_0016_R_deskewed_line025.jpg,рожденніе послѣ ревізіи,note,source_page_0016_R_deskewed,25,26
images/source_page_0016_R_deskewed_line026.jpg,Найсфоръ  12,member,source_page_0016_R_deskewed,26,17
images/source_page_0016_R_deskewed_line027.jpg,Іванъ Лутрачовей Синдодурашній  41,head,source_page_0016_R_deskewed,27,109
images/source_page_0017_L_deskewed_line001.jpg,у него жена Єфросінія Дмітрієва дочь  32  45,member,source_page_0017_L_deskewed,1,74
images/source_page_0017_L_deskewed_line002.jpg,Укд дѣті написанніе Сполідніо,note,source_page_0017_L_deskewed,2,19
images/source_page_0017_L_deskewed_line003.jpg,предсілнь ревізіе,note,source_page_0017_L_deskewed,3,18
images/source_page_0017_L_deskewed_line004.jpg,Терофімде  17,member,source_page_0017_L_deskewed,4,37
images/source_page_0017_L_deskewed_line005.jpg,Алексей  9  22,member,source_page_0017_L_deskewed,5,26
images/source_page_0017_L_deskewed_line006.jpg,Сергій  6  19,member,source_page_0017_L_deskewed,6,27
images/source_page_0017_L_deskewed_line007.jpg,дочерь,note,source_page_0017_L_deskewed,7,20
images/source_page_0017_L_deskewed_line008.jpg,Парасета  4  17,member,source_page_0017_L_deskewed,8,22
images/source_page_0017_L_deskewed_line009.jpg,Лшторока  2  15,member,source_page_0017_L_deskewed,9,25
images/source_page_0017_L_deskewed_line010.jpg,рожденніе послѣ ревізіи,note,source_page_0017_L_deskewed,10,32
images/source_page_0017_L_deskewed_line011.jpg,Мавра  3,member,source_page_0017_L_deskewed,11,22
images/source_page_0017_L_deskewed_line012.jpg,Іванъ Мінісфорей Міносенко  40,head,source_page_0017_L_deskewed,12,24
images/source_page_0017_L_deskewed_line013.jpg,у него жена Скріпіна Пестрова  31  50,member,source_page_0017_L_deskewed,13,24
images/source_page_0017_L_deskewed_line014.jpg,Укд дѣті написанніе Сполідніо,note,source_page_0017_L_deskewed,14,22
images/source_page_0017_L_deskewed_line015.jpg,ніо предсілнь ревізіе,note,source_page_0017_L_deskewed,15,19
images/source_page_0017_L_deskewed_line016.jpg,Ѳедоръ  7,member,source_page_0017_L_deskewed,16,28
images/source_page_0017_L_deskewed_line017.jpg,дочерь,note,source_page_0017_L_deskewed,17,19
images/source_page_0017_L_deskewed_line018.jpg,Ірина Євдана Єдамусто пода,note,source_page_0017_L_deskewed,18,18
images/source_page_0017_L_deskewed_line019.jpg,індженного крестьянська тогожъ,note,source_page_0017_L_deskewed,19,27
images/source_page_0017_L_deskewed_line020.jpg,сіла Захарік Манешинка,note,source_page_0017_L_deskewed,20,23
images/source_page_0017_L_deskewed_line021.jpg,Маріна  12  25,member,source_page_0017_L_deskewed,21,24
images/source_page_0017_L_deskewed_line022.jpg,Євана Єдамустово въ Бдасне,note,source_page_0017_L_deskewed,22,25
images/source_page_0017_L_deskewed_line023.jpg,Сіло Мотовіловку,note,source_page_0017_L_deskewed,23,37
images/source_page_0017_L_deskewed_line024.jpg,Євдокія  3,member,source_page_0017_L_deskewed,24,18
images/source_page_0017_L_deskewed_line025.jpg,Єного Ірима мівардь Іарілне,note,source_page_0017_L_deskewed,25,18
images/source_page_0017_L_deskewed_line026.jpg,кестрарвсь Синдь  19  32,note,source_page_0017_L_deskewed,26,47
images/source_page_0017_R_deskewed_line001.jpg,Ѳедоръ Даніленъ синъ Ково,head,source_page_0017_R_deskewed,1,24
images/source_page_0017_R_deskewed_line002.jpg,кєнко  32  45,head,source_page_0017_R_deskewed,2,30
images/source_page_0017_R_deskewed_line003.jpg,у него жена Меланія Романова  27  40,member,source_page_0017_R_deskewed,3,29
images/source_page_0017_R_deskewed_line004.jpg,Укд дочь написанная Сполі,note,source_page_0017_R_deskewed,4,16
images/source_page_0017_R_deskewed_line005.jpg,дніо предсілнь ревізіе,note,source_page_0017_R_deskewed,5,65
images/source_page_0017_R_deskewed_line006.jpg,Євдокія  1  17,member,source_page_0017_R_deskewed,6,35
images/source_page_0017_R_deskewed_line007.jpg,рожденніе послѣ ревізіи,note,source_page_0017_R_deskewed,7,19
images/source_page_0017_R_deskewed_line008.jpg,Фадій  12,member,source_page_0017_R_deskewed,8,28
images/source_page_0017_R_deskewed_line009.jpg,Іванъ  5,member,source_page_0017_R_deskewed,9,26
images/source_page_0017_R_deskewed_line010.jpg,дочь,note,source_page_0017_R_deskewed,10,28
images/source_page_0017_R_deskewed_line011.jpg,Лаубана  1  8,member,source_page_0017_R_deskewed,11,23
images/source_page_0017_R_deskewed_line012.jpg,Сргій Іванесовъ синъ монузе,head,source_page_0017_R_deskewed,12,22
images/source_page_0017_R_deskewed_line013.jpg,нко  29,head,source_page_0017_R_deskewed,13,17
images/source_page_0017_R_deskewed_line014.jpg,у него жена Євдонія Іванова  24,member,source_page_0017_R_deskewed,14,15
images/source_page_0017_R_deskewed_line015.jpg,Укд дѣті написанніе Сполідніо,note,source_page_0017_R_deskewed,15,24
images/source_page_0017_R_deskewed_line016.jpg,предсілнь ревізіе,note,source_page_0017_R_deskewed,16,22
images/source_page_0017_R_deskewed_line017.jpg,Надівъ  3,member,source_page_0017_R_deskewed,17,18
images/source_page_0017_R_deskewed_line018.jpg,Борісъ  2,member,source_page_0017_R_deskewed,18,32
images/source_page_0017_R_deskewed_line019.jpg,Найсфоръ Івсенків синъ мону,head,source_page_0017_R_deskewed,19,15
images/source_page_0017_R_deskewed_line020.jpg,зенко  24,head,source_page_0017_R_deskewed,20,17
images/source_page_0017_R_deskewed_line021.jpg,у него жена Агафія Пестрова  27,member,source_page_0017_R_deskewed,21,18
images/source_page_0017_R_deskewed_line022.jpg,Укд Синдъ написанній Сполімдніо,note,source_page_0017_R_deskewed,22,20
images/source_page_0017_R_deskewed_line023.jpg,предсілнь ревізіе,note,source_page_0017_R_deskewed,23,30
images/source_page_0017_R_deskewed_line024.jpg,Захарік  2,member,source_page_0017_R_deskewed,24,15
images/source_page_0017_R_deskewed_line025.jpg,Ѳедоръ Даніленъ синъ Ковар,head,source_page_0017_R_deskewed,25,28
images/source_page_0017_R_deskewed_line026.jpg,ненко  45,head,source_page_0017_R_deskewed,26,91
